seed,mirror,feature,std_ratio,out_of_range,discrete,tv_dist,collapsed_category,degenerate,support_violation,flagged
11,trafficlabelling,ip_proto,1.030140843124608,0.0,True,0.35749166666666665,True,False,False,False
11,trafficlabelling,tp_src,0.9486937236952183,0.0032,False,,False,False,False,False
11,trafficlabelling,tp_dst,1.204737169349829,0.0003333333333333333,False,,False,False,False,False
11,trafficlabelling,packet_count,0.24859669473185408,0.0,False,,False,False,False,False
11,trafficlabelling,byte_count,0.12787879393668028,0.0,False,,False,False,False,False
11,trafficlabelling,duration_sec,1.3078964278071614,0.00013333333333333334,False,,False,False,False,False
11,trafficlabelling,packet_count_per_sec,0.35972885655596587,0.00023333333333333333,False,,False,False,False,False
11,trafficlabelling,byte_count_per_sec,29.695759526403023,0.0010666666666666667,False,,False,False,False,False
11,trafficlabelling,packet_size_avg,1.5743941140148237,0.0,False,,False,False,False,False
11,tl_counterfactual,ip_proto,0.5618017597509936,0.0,True,0.15611666666666668,True,False,False,False
11,tl_counterfactual,tp_src,0.0,1.0,False,,False,True,True,True
11,tl_counterfactual,tp_dst,1.204737169349829,0.0003333333333333333,False,,False,False,False,False
11,tl_counterfactual,packet_count,0.24859669473185408,0.0,False,,False,False,False,False
11,tl_counterfactual,byte_count,0.12787879393668028,0.0,False,,False,False,False,False
11,tl_counterfactual,duration_sec,1.3078964278071614,0.00013333333333333334,False,,False,False,False,False
11,tl_counterfactual,packet_count_per_sec,0.35972885655596587,0.00023333333333333333,False,,False,False,False,False
11,tl_counterfactual,byte_count_per_sec,29.695759526403023,0.0010666666666666667,False,,False,False,False,False
11,tl_counterfactual,packet_size_avg,1.5743941140148237,0.0,False,,False,False,False,False
11,mlcve,ip_proto,0.5554207791460956,0.0,True,0.16788333333333336,True,False,False,False
11,mlcve,tp_src,0.0,1.0,False,,False,True,True,True
11,mlcve,tp_dst,1.2633052309995214,0.0005666666666666667,False,,False,False,False,False
11,mlcve,packet_count,0.37742213586990186,0.0,False,,False,False,False,False
11,mlcve,byte_count,0.20109786360539192,0.0,False,,False,False,False,False
11,mlcve,duration_sec,1.4075196355708819,6.666666666666667e-05,False,,False,False,False,False
11,mlcve,packet_count_per_sec,0.34615869611688327,0.00013333333333333334,False,,False,False,False,False
11,mlcve,byte_count_per_sec,38.78416345810898,0.0014,False,,False,False,False,False
11,mlcve,packet_size_avg,1.7104634117766386,0.0,False,,False,False,False,False
23,trafficlabelling,ip_proto,1.048183012372687,0.0,True,0.3465249999999999,True,False,False,False
23,trafficlabelling,tp_src,0.9417309665847537,0.003033333333333333,False,,False,False,False,False
23,trafficlabelling,tp_dst,1.1772342257354977,0.0004,False,,False,False,False,False
23,trafficlabelling,packet_count,35.07428498968707,0.0001,False,,False,False,False,False
23,trafficlabelling,byte_count,21.370280805762064,3.3333333333333335e-05,False,,False,False,False,False
23,trafficlabelling,duration_sec,1.2845697704938381,0.0,False,,False,False,False,False
23,trafficlabelling,packet_count_per_sec,0.3558459006692223,0.0001,False,,False,False,False,False
23,trafficlabelling,byte_count_per_sec,22.523576827626623,0.0037333333333333333,False,,False,False,False,False
23,trafficlabelling,packet_size_avg,1.5104161866517367,0.0,False,,False,False,False,False
23,tl_counterfactual,ip_proto,0.5715933588077731,0.0,True,0.13866666666666663,True,False,False,False
23,tl_counterfactual,tp_src,0.0,1.0,False,,False,True,True,True
23,tl_counterfactual,tp_dst,1.1772342257354977,0.0004,False,,False,False,False,False
23,tl_counterfactual,packet_count,35.07428498968707,0.0001,False,,False,False,False,False
23,tl_counterfactual,byte_count,21.370280805762064,3.3333333333333335e-05,False,,False,False,False,False
23,tl_counterfactual,duration_sec,1.2845697704938381,0.0,False,,False,False,False,False
23,tl_counterfactual,packet_count_per_sec,0.3558459006692223,0.0001,False,,False,False,False,False
23,tl_counterfactual,byte_count_per_sec,22.523576827626623,0.0037333333333333333,False,,False,False,False,False
23,tl_counterfactual,packet_size_avg,1.5104161866517367,0.0,False,,False,False,False,False
23,mlcve,ip_proto,0.5628106360885288,0.0,True,0.15479999999999997,True,False,False,False
23,mlcve,tp_src,0.0,1.0,False,,False,True,True,True
23,mlcve,tp_dst,1.2528848890055615,0.0005,False,,False,False,False,False
23,mlcve,packet_count,1.0545720204415616,3.3333333333333335e-05,False,,False,False,False,False
23,mlcve,byte_count,0.5712868567683076,0.0,False,,False,False,False,False
23,mlcve,duration_sec,1.3812788684134871,0.0001,False,,False,False,False,False
23,mlcve,packet_count_per_sec,0.35950496408264926,0.0002,False,,False,False,False,False
23,mlcve,byte_count_per_sec,42.930230292107176,0.0046,False,,False,False,False,False
23,mlcve,packet_size_avg,1.6214239688467353,0.0,False,,False,False,False,False
42,trafficlabelling,ip_proto,1.0415275377170847,0.0,True,0.3564333333333334,True,False,False,False
42,trafficlabelling,tp_src,0.9513243113983609,0.005033333333333333,False,,False,False,False,False
42,trafficlabelling,tp_dst,1.2032268810082922,0.0005,False,,False,False,False,False
42,trafficlabelling,packet_count,19.3427549465203,3.3333333333333335e-05,False,,False,False,False,False
42,trafficlabelling,byte_count,10.542320094305285,3.3333333333333335e-05,False,,False,False,False,False
42,trafficlabelling,duration_sec,1.2707421172264042,6.666666666666667e-05,False,,False,False,False,False
42,trafficlabelling,packet_count_per_sec,0.3495608352346541,0.0001,False,,False,False,False,False
42,trafficlabelling,byte_count_per_sec,27.25479603737927,0.0010666666666666667,False,,False,False,False,False
42,trafficlabelling,packet_size_avg,1.3996021262299314,0.0,False,,False,False,False,False
42,tl_counterfactual,ip_proto,0.5680313862776946,0.0,True,0.15055,True,False,False,False
42,tl_counterfactual,tp_src,0.0,1.0,False,,False,True,True,True
42,tl_counterfactual,tp_dst,1.2032268810082922,0.0005,False,,False,False,False,False
42,tl_counterfactual,packet_count,19.3427549465203,3.3333333333333335e-05,False,,False,False,False,False
42,tl_counterfactual,byte_count,10.542320094305285,3.3333333333333335e-05,False,,False,False,False,False
42,tl_counterfactual,duration_sec,1.2707421172264042,6.666666666666667e-05,False,,False,False,False,False
42,tl_counterfactual,packet_count_per_sec,0.3495608352346541,0.0001,False,,False,False,False,False
42,tl_counterfactual,byte_count_per_sec,27.25479603737927,0.0010666666666666667,False,,False,False,False,False
42,tl_counterfactual,packet_size_avg,1.3996021262299314,0.0,False,,False,False,False,False
42,mlcve,ip_proto,0.5628699334536672,0.0,True,0.16011666666666663,True,False,False,False
42,mlcve,tp_src,0.0,1.0,False,,False,True,True,True
42,mlcve,tp_dst,1.2687579333188974,0.0008,False,,False,False,False,False
42,mlcve,packet_count,19.043290474429686,3.3333333333333335e-05,False,,False,False,False,False
42,mlcve,byte_count,10.344394589389895,3.3333333333333335e-05,False,,False,False,False,False
42,mlcve,duration_sec,1.3404945439288671,0.00016666666666666666,False,,False,False,False,False
42,mlcve,packet_count_per_sec,0.355747411021396,0.0003333333333333333,False,,False,False,False,False
42,mlcve,byte_count_per_sec,46.2074699620641,0.0017333333333333333,False,,False,False,False,False
42,mlcve,packet_size_avg,1.4956106564267884,0.0,False,,False,False,False,False
77,trafficlabelling,ip_proto,1.0389538183145914,0.0,True,0.3524583333333334,True,False,False,False
77,trafficlabelling,tp_src,0.9498523338791235,0.0015,False,,False,False,False,False
77,trafficlabelling,tp_dst,1.2072035822882015,0.0005333333333333334,False,,False,False,False,False
77,trafficlabelling,packet_count,0.5026175930843643,0.0,False,,False,False,False,False
77,trafficlabelling,byte_count,0.22615151217055696,0.0,False,,False,False,False,False
77,trafficlabelling,duration_sec,1.2885460614085298,3.3333333333333335e-05,False,,False,False,False,False
77,trafficlabelling,packet_count_per_sec,0.35343856819679675,0.00013333333333333334,False,,False,False,False,False
77,trafficlabelling,byte_count_per_sec,40.703379776670054,0.0033333333333333335,False,,False,False,False,False
77,trafficlabelling,packet_size_avg,1.4854932918263268,0.0,False,,False,False,False,False
77,tl_counterfactual,ip_proto,0.5665464023407052,0.0,True,0.14955833333333332,True,False,False,False
77,tl_counterfactual,tp_src,0.0,1.0,False,,False,True,True,True
77,tl_counterfactual,tp_dst,1.2072035822882015,0.0005333333333333334,False,,False,False,False,False
77,tl_counterfactual,packet_count,0.5026175930843643,0.0,False,,False,False,False,False
77,tl_counterfactual,byte_count,0.22615151217055696,0.0,False,,False,False,False,False
77,tl_counterfactual,duration_sec,1.2885460614085298,3.3333333333333335e-05,False,,False,False,False,False
77,tl_counterfactual,packet_count_per_sec,0.35343856819679675,0.00013333333333333334,False,,False,False,False,False
77,tl_counterfactual,byte_count_per_sec,40.703379776670054,0.0033333333333333335,False,,False,False,False,False
77,tl_counterfactual,packet_size_avg,1.4854932918263268,0.0,False,,False,False,False,False
77,mlcve,ip_proto,0.5610726548841729,0.0,True,0.15959166666666666,True,False,False,False
77,mlcve,tp_src,0.0,1.0,False,,False,True,True,True
77,mlcve,tp_dst,1.2714071071424105,0.0004,False,,False,False,False,False
77,mlcve,packet_count,32.61056868328061,6.666666666666667e-05,False,,False,False,False,False
77,mlcve,byte_count,18.1420365815261,6.666666666666667e-05,False,,False,False,False,False
77,mlcve,duration_sec,1.3809689840290502,3.3333333333333335e-05,False,,False,False,False,False
77,mlcve,packet_count_per_sec,0.345188242408078,0.0001,False,,False,False,False,False
77,mlcve,byte_count_per_sec,50.563580920046604,0.0036333333333333335,False,,False,False,False,False
77,mlcve,packet_size_avg,1.5546476518632193,0.0,False,,False,False,False,False
101,trafficlabelling,ip_proto,1.0418654289560587,0.0,True,0.3532166666666667,True,False,False,False
101,trafficlabelling,tp_src,0.9489265543295861,0.001,False,,False,False,False,False
101,trafficlabelling,tp_dst,1.199612123239879,0.0007333333333333333,False,,False,False,False,False
101,trafficlabelling,packet_count,0.8121528723666666,6.666666666666667e-05,False,,False,False,False,False
101,trafficlabelling,byte_count,0.25945303148722465,0.0,False,,False,False,False,False
101,trafficlabelling,duration_sec,1.2873774985273727,0.00013333333333333334,False,,False,False,False,False
101,trafficlabelling,packet_count_per_sec,0.37239435197978477,0.0002666666666666667,False,,False,False,False,False
101,trafficlabelling,byte_count_per_sec,33.01109920312635,0.0021666666666666666,False,,False,False,False,False
101,trafficlabelling,packet_size_avg,1.4411231383687155,0.0,False,,False,False,False,False
101,tl_counterfactual,ip_proto,0.5681766283332207,0.0,True,0.14969166666666667,True,False,False,False
101,tl_counterfactual,tp_src,0.0,1.0,False,,False,True,True,True
101,tl_counterfactual,tp_dst,1.199612123239879,0.0007333333333333333,False,,False,False,False,False
101,tl_counterfactual,packet_count,0.8121528723666666,6.666666666666667e-05,False,,False,False,False,False
101,tl_counterfactual,byte_count,0.25945303148722465,0.0,False,,False,False,False,False
101,tl_counterfactual,duration_sec,1.2873774985273727,0.00013333333333333334,False,,False,False,False,False
101,tl_counterfactual,packet_count_per_sec,0.37239435197978477,0.0002666666666666667,False,,False,False,False,False
101,tl_counterfactual,byte_count_per_sec,33.01109920312635,0.0021666666666666666,False,,False,False,False,False
101,tl_counterfactual,packet_size_avg,1.4411231383687155,0.0,False,,False,False,False,False
101,mlcve,ip_proto,0.5605769680797804,0.0,True,0.16335833333333338,True,False,False,False
101,mlcve,tp_src,0.0,1.0,False,,False,True,True,True
101,mlcve,tp_dst,1.2684020386835122,0.0005333333333333334,False,,False,False,False,False
101,mlcve,packet_count,48.18831667923814,6.666666666666667e-05,False,,False,False,False,False
101,mlcve,byte_count,20.407485839170636,3.3333333333333335e-05,False,,False,False,False,False
101,mlcve,duration_sec,1.3421359856651227,0.0001,False,,False,False,False,False
101,mlcve,packet_count_per_sec,0.3548114346010102,0.00023333333333333333,False,,False,False,False,False
101,mlcve,byte_count_per_sec,59.63690849368218,0.0024666666666666665,False,,False,False,False,False
101,mlcve,packet_size_avg,1.519442869838412,0.0,False,,False,False,False,False
